name,n_qubits,bandwidth,entanglement,n_samples,effective_rank,top_eigenvalue,off_diagonal_mean,rbf_correlation,rbf_gamma,geometric_difference,passes_conditioning,passes_distinctness,n_features,gram_seconds,selected_features
zz,2,1.0,linear,300,0.003935551870585732,0.9713950583281774,0.9555239406802686,0.9537637239875034,10.0,56.227956744383846,False,False,2,0.0636268809903413,V258;V257
zz,2,0.5,linear,300,0.0039000806547625686,0.9719584871253809,0.9569011735206403,0.9000254945457078,10.0,71.0039835082815,False,False,2,0.11048138799378648,V258;V257
zz,2,0.25,linear,300,0.0038250505616582394,0.9763438317732629,0.966943703837158,0.9348080293588368,10.0,54.39919897980276,False,False,2,0.12677763600368053,V258;V257
zz,2,0.125,linear,300,0.003663929166513771,0.9845822032992279,0.9785514941335915,0.9555357464481471,10.0,11.553056467636969,False,False,2,0.1209428760339506,V258;V257
zz,2,0.0625,linear,300,0.003526155872767185,0.9909155398171832,0.9878660850310366,0.9941661809188352,10.0,1.6056196596904526,False,False,2,0.11896946799242869,V258;V257
zz,2,0.03125,linear,300,0.003420829363312603,0.9961311998336887,0.9956495624481486,0.9993350843592157,10.0,1.152006221173497,False,False,2,0.19158605200937018,V258;V257
zz,2,1.0,none,300,0.003789075910807233,0.9787242008905727,0.9681076250367139,0.8926948507336512,2.154434690031882,53.35454216653802,False,False,2,0.09873999300180003,V258;V257
zz,2,0.5,none,300,0.003676879846341,0.9847610871218427,0.9765605206493878,0.9996106453419736,1.0,24.221054324048726,False,False,2,0.07932971499394625,V258;V257
zz,2,0.25,none,300,0.0035210156046029104,0.9915823456043276,0.9887880498019934,0.9996793455099016,1.0,3.0080478192992763,False,False,2,0.16516431100899354,V258;V257
zz,2,0.125,none,300,0.0034099846196478166,0.9967765579602151,0.9964492318309135,0.9999491828579378,1.0,1.1956098428995805,False,False,2,0.10221083299256861,V258;V257
zz,2,0.0625,none,300,0.003358385933359235,0.9990804804420444,0.9990542170480974,0.9999961724387311,1.0,1.2976731729510136,False,False,2,0.08958833100041375,V258;V257
zz,2,0.03125,none,300,0.0033408295545508653,0.9997620229617127,0.9997597186336106,0.9999997501423241,1.0,1.336942016219953,False,False,2,0.1410325129982084,V258;V257
z,2,1.0,none,300,0.003789075910807233,0.9787242008905727,0.9681076250367139,0.8926948507336512,2.154434690031882,53.35454216653802,False,False,2,0.0620706639601849,V258;V257
z,2,0.5,none,300,0.003676879846341,0.9847610871218427,0.9765605206493878,0.9996106453419736,1.0,24.221054324048726,False,False,2,0.10929619497619569,V258;V257
z,2,0.25,none,300,0.0035210156046029104,0.9915823456043276,0.9887880498019934,0.9996793455099016,1.0,3.0080478192992763,False,False,2,0.13209571602055803,V258;V257
z,2,0.125,none,300,0.0034099846196478166,0.9967765579602151,0.9964492318309135,0.9999491828579378,1.0,1.1956098428995805,False,False,2,0.07525985495885834,V258;V257
z,2,0.0625,none,300,0.003358385933359235,0.9990804804420444,0.9990542170480974,0.9999961724387311,1.0,1.2976731729510136,False,False,2,0.08028502902016044,V258;V257
z,2,0.03125,none,300,0.0033408295545508653,0.9997620229617127,0.9997597186336106,0.9999997501423241,1.0,1.336942016219953,False,False,2,0.1563999479985796,V258;V257
dense_angle,1,1.0,linear,300,0.0036372251151715,0.9858073205090235,0.9821470065894184,0.8211107308710796,3.1622776601683795,39.05955873602403,False,False,2,0.0768758250051178,V258;V257
dense_angle,1,0.5,linear,300,0.0035719993363419467,0.989100285120198,0.9865176891579546,0.9887696228077271,1.0,5.757757846946551,False,False,2,0.06267131201457232,V258;V257
dense_angle,1,0.25,linear,300,0.0034560951832878586,0.99459120078913,0.9937195030649661,0.9987234069918962,0.6812920690579608,1.3350237093331656,False,False,2,0.14489115600008518,V258;V257
dense_angle,1,0.125,linear,300,0.0033780866931130745,0.9982226914180067,0.9981326645736822,0.999128041420853,0.6812920690579608,1.249655054563376,False,False,2,0.04061926802387461,V258;V257
dense_angle,1,0.0625,linear,300,0.003347288689071719,0.999519615781187,0.9995121219276066,0.9991601418232549,1.0,1.3210192875192832,False,False,2,0.06270395300816745,V258;V257
dense_angle,1,0.03125,linear,300,0.003337430447231676,0.9998774618208538,0.9998766734629602,0.999162867355422,2.154434690031882,1.3437793301445777,False,False,2,0.04150039498927072,V258;V257
dense_angle,1,1.0,none,300,0.0036372251151715,0.9858073205090235,0.9821470065894184,0.8211107308710796,3.1622776601683795,39.05955873602403,False,False,2,0.04986755002755672,V258;V257
dense_angle,1,0.5,none,300,0.0035719993363419467,0.989100285120198,0.9865176891579546,0.9887696228077271,1.0,5.757757846946551,False,False,2,0.08352861303137615,V258;V257
dense_angle,1,0.25,none,300,0.0034560951832878586,0.99459120078913,0.9937195030649661,0.9987234069918962,0.6812920690579608,1.3350237093331656,False,False,2,0.04798153298906982,V258;V257
dense_angle,1,0.125,none,300,0.0033780866931130745,0.9982226914180067,0.9981326645736822,0.999128041420853,0.6812920690579608,1.249655054563376,False,False,2,0.06761512398952618,V258;V257
dense_angle,1,0.0625,none,300,0.003347288689071719,0.999519615781187,0.9995121219276066,0.9991601418232549,1.0,1.3210192875192832,False,False,2,0.07064944203011692,V258;V257
dense_angle,1,0.03125,none,300,0.003337430447231676,0.9998774618208538,0.9998766734629602,0.999162867355422,2.154434690031882,1.3437793301445777,False,False,2,0.13279984996188432,V258;V257
zz,4,1.0,linear,300,0.07406213903719806,0.1757143659297,0.14816909069960527,0.6719220895821522,10.0,364.0478338748184,True,False,4,0.1597862479975447,V258;V257;card1;TransactionAmt
zz,4,0.5,linear,300,0.04578848826050707,0.19823733713730735,0.18460962865712494,0.799866504713447,10.0,307.0172027522025,True,False,4,0.374646375013981,V258;V257;card1;TransactionAmt
zz,4,0.25,linear,300,0.022757898515835775,0.35194965999912914,0.3093328892410157,0.8448755945026125,10.0,279.04650365444775,True,False,4,0.7078744510072283,V258;V257;card1;TransactionAmt
zz,4,0.125,linear,300,0.010156345229280602,0.6316517889537457,0.6008818906893246,0.9318563180548393,10.0,77.04073178589445,True,False,4,0.5611278899596073,V258;V257;card1;TransactionAmt
zz,4,0.0625,linear,300,0.005663802969055437,0.8533056320697195,0.845011326984603,0.961062888180092,10.0,13.658912637817954,False,False,4,0.2064899620017968,V258;V257;card1;TransactionAmt
zz,4,0.03125,linear,300,0.004149978769749343,0.9524103805986971,0.9510941406338849,0.9689743660435229,10.0,2.164654847936944,False,False,4,0.1816702409996651,V258;V257;card1;TransactionAmt
zz,4,1.0,none,300,0.012573508680824907,0.5956370574942065,0.5614469639363833,0.6290838598453133,3.1622776601683795,249.9565207917257,True,False,4,0.11794443899998441,V258;V257;card1;TransactionAmt
zz,4,0.5,none,300,0.00979478764977757,0.6319958174769942,0.6037675174232499,0.9871576718298161,1.467799267622069,62.28359926778434,False,False,4,0.11176620097830892,V258;V257;card1;TransactionAmt
zz,4,0.25,none,300,0.005497578103723217,0.8726775310737758,0.8661248973259694,0.9874932931844154,1.467799267622069,9.560533436183459,False,False,4,0.11123782995855436,V258;V257;card1;TransactionAmt
zz,4,0.125,none,300,0.003932901357505399,0.9688103970740158,0.9681884279139656,0.9984470797768863,1.467799267622069,1.4151430594739935,False,False,4,0.10963745700428262,V258;V257;card1;TransactionAmt
zz,4,0.0625,none,300,0.00350709936823149,0.9923497898701449,0.9922888383275695,0.9998861645789864,1.467799267622069,1.484702888323899,False,False,4,0.095381161023397,V258;V257;card1;TransactionAmt
zz,4,0.03125,none,300,0.00338443341085266,0.998098591981921,0.9980899701521898,0.9999926039637855,1.467799267622069,1.5924899350581618,False,False,4,0.13469068001722917,V258;V257;card1;TransactionAmt
z,4,1.0,none,300,0.012573508680824907,0.5956370574942065,0.5614469639363833,0.6290838598453133,3.1622776601683795,249.9565207917257,True,False,4,0.11593904002802446,V258;V257;card1;TransactionAmt
z,4,0.5,none,300,0.00979478764977757,0.6319958174769942,0.6037675174232499,0.9871576718298161,1.467799267622069,62.28359926778434,False,False,4,0.11558071803301573,V258;V257;card1;TransactionAmt
z,4,0.25,none,300,0.005497578103723217,0.8726775310737758,0.8661248973259694,0.9874932931844154,1.467799267622069,9.560533436183459,False,False,4,0.14831446699099615,V258;V257;card1;TransactionAmt
z,4,0.125,none,300,0.003932901357505399,0.9688103970740158,0.9681884279139656,0.9984470797768863,1.467799267622069,1.4151430594739935,False,False,4,0.14670499204657972,V258;V257;card1;TransactionAmt
z,4,0.0625,none,300,0.00350709936823149,0.9923497898701449,0.9922888383275695,0.9998861645789864,1.467799267622069,1.484702888323899,False,False,4,0.19890277198283002,V258;V257;card1;TransactionAmt
z,4,0.03125,none,300,0.00338443341085266,0.998098591981921,0.9980899701521898,0.9999926039637855,1.467799267622069,1.5924899350581618,False,False,4,0.16503690503304824,V258;V257;card1;TransactionAmt
dense_angle,2,1.0,linear,300,0.010566453810390779,0.5013679702928465,0.4961008228411721,0.833676465379356,2.154434690031882,122.65741440104424,True,False,4,0.13662890798877925,V258;V257;card1;TransactionAmt
dense_angle,2,0.5,linear,300,0.00740997762318966,0.7180417909537509,0.6985712333340576,0.9737082623568364,1.467799267622069,19.000034402921,False,False,4,0.07821822504047304,V258;V257;card1;TransactionAmt
dense_angle,2,0.25,linear,300,0.00473865571922998,0.908514774605154,0.9060278977741483,0.9493428593070289,3.1622776601683795,2.647216489884922,False,False,4,0.07553594902856275,V258;V257;card1;TransactionAmt
dense_angle,2,0.125,linear,300,0.0037609760677751857,0.9760320250252875,0.9758073097436525,0.9138457418182456,10.0,1.409697378126537,False,False,4,0.08350446703843772,V258;V257;card1;TransactionAmt
dense_angle,2,0.0625,linear,300,0.0034631251234713816,0.9939679873477005,0.9939387678333301,0.8503398631775204,10.0,1.5654055504325535,False,False,4,0.08963898598449305,V258;V257;card1;TransactionAmt
dense_angle,2,0.03125,linear,300,0.0033722070825869094,0.9984914131201867,0.9984858059025619,0.8106523800518239,10.0,1.616952526494865,False,False,4,0.10146154696121812,V258;V257;card1;TransactionAmt
dense_angle,2,1.0,none,300,0.010640967268754431,0.5008873660833798,0.4951393813125624,0.8348984115779191,2.154434690031882,122.98689061171288,True,False,4,0.06879822496557608,V258;V257;card1;TransactionAmt
dense_angle,2,0.5,none,300,0.007440103786060901,0.7178803510541953,0.6986006560561908,0.9727916314622449,1.467799267622069,18.89962642869394,False,False,4,0.07363786501809955,V258;V257;card1;TransactionAmt
dense_angle,2,0.25,none,300,0.004775106263901606,0.9073274798358194,0.904542836805986,0.9586088406157218,2.154434690031882,2.6518519477015476,False,False,4,0.06874649797100574,V258;V257;card1;TransactionAmt
dense_angle,2,0.125,none,300,0.0037781182076264317,0.9753678268374688,0.9750954781099492,0.9311598499159991,6.812920690579608,1.368051873176846,False,False,4,0.06951664300868288,V258;V257;card1;TransactionAmt
dense_angle,2,0.0625,none,300,0.0034690324011626018,0.9937548869363793,0.9937213658583824,0.9077642907734352,10.0,1.5513912369175296,False,False,4,0.06575583096127957,V258;V257;card1;TransactionAmt
dense_angle,2,0.03125,none,300,0.0033740328717372743,0.9984333594881486,0.9984273170059714,0.8891877038620478,10.0,1.612993354167432,False,False,4,0.07050553802400827,V258;V257;card1;TransactionAmt
zz,6,1.0,linear,300,0.13067525046636252,0.142521145405107,0.10086028307997837,0.6986111075398386,10.0,327.1640631003332,True,False,6,0.24407666100887582,V258;V257;card1;TransactionAmt;V246;V201
zz,6,0.5,linear,300,0.06161966309793139,0.17628448931797683,0.15700584840818388,0.8198328609319075,10.0,305.5024811713877,True,False,6,0.24243639298947528,V258;V257;card1;TransactionAmt;V246;V201
zz,6,0.25,linear,300,0.02678424372463306,0.33112361879040614,0.2862027822009917,0.8558176900865901,10.0,280.84950927134366,True,False,6,0.2395579949952662,V258;V257;card1;TransactionAmt;V246;V201
zz,6,0.125,linear,300,0.01161391557483428,0.5967152789596208,0.5609162108292305,0.9236760612330777,10.0,106.25583530730059,True,False,6,0.2478107120259665,V258;V257;card1;TransactionAmt;V246;V201
zz,6,0.0625,linear,300,0.006258581341139769,0.8265520151485367,0.8142707488138089,0.9344945950483692,10.0,23.10257885483582,False,False,6,0.24116129201138392,V258;V257;card1;TransactionAmt;V246;V201
zz,6,0.03125,linear,300,0.004364351418574477,0.9415328515163037,0.9387041594858431,0.9689448259024287,10.0,3.843305600093433,False,False,6,0.24551696697017178,V258;V257;card1;TransactionAmt;V246;V201
zz,6,1.0,none,300,0.013624691688425712,0.587557015876269,0.5506552301708901,0.6323701191112404,3.1622776601683795,250.55334719192754,True,False,6,0.1289366469718516,V258;V257;card1;TransactionAmt;V246;V201
zz,6,0.5,none,300,0.01016235138569147,0.628386136284511,0.5988058701104783,0.9872098101841671,1.467799267622069,94.41810371927005,True,False,6,0.1331388329854235,V258;V257;card1;TransactionAmt;V246;V201
zz,6,0.25,none,300,0.005619150717499128,0.8699737447371715,0.8616386615646516,0.9884089825479745,1.467799267622069,15.775232806750958,False,False,6,0.1284075629664585,V258;V257;card1;TransactionAmt;V246;V201
zz,6,0.125,none,300,0.003984323816565156,0.9669548844684202,0.9658086356277582,0.9987599340214424,1.0,1.9256841950246841,False,False,6,0.13247386395232752,V258;V257;card1;TransactionAmt;V246;V201
zz,6,0.0625,none,300,0.003525414613732118,0.991667554155617,0.9915558471993092,0.9999256341376128,1.0,1.470188082842761,False,False,6,0.1332718189805746,V258;V257;card1;TransactionAmt;V246;V201
zz,6,0.03125,none,300,0.0033900867650550524,0.9979094387724151,0.9978968351576631,0.999995419538245,1.0,1.628937212920412,False,False,6,0.13025352696422487,V258;V257;card1;TransactionAmt;V246;V201
z,6,1.0,none,300,0.013624691688425712,0.587557015876269,0.5506552301708901,0.6323701191112404,3.1622776601683795,250.55334719192754,True,False,6,0.13044256600551307,V258;V257;card1;TransactionAmt;V246;V201
z,6,0.5,none,300,0.01016235138569147,0.628386136284511,0.5988058701104783,0.9872098101841671,1.467799267622069,94.41810371927005,True,False,6,0.13680520898196846,V258;V257;card1;TransactionAmt;V246;V201
z,6,0.25,none,300,0.005619150717499128,0.8699737447371715,0.8616386615646516,0.9884089825479745,1.467799267622069,15.775232806750958,False,False,6,0.13178072700975463,V258;V257;card1;TransactionAmt;V246;V201
z,6,0.125,none,300,0.003984323816565156,0.9669548844684202,0.9658086356277582,0.9987599340214424,1.0,1.9256841950246841,False,False,6,0.12729026598390192,V258;V257;card1;TransactionAmt;V246;V201
z,6,0.0625,none,300,0.003525414613732118,0.991667554155617,0.9915558471993092,0.9999256341376128,1.0,1.470188082842761,False,False,6,0.12866999203106388,V258;V257;card1;TransactionAmt;V246;V201
z,6,0.03125,none,300,0.0033900867650550524,0.9979094387724151,0.9978968351576631,0.999995419538245,1.0,1.628937212920412,False,False,6,0.13485027803108096,V258;V257;card1;TransactionAmt;V246;V201
dense_angle,3,1.0,linear,300,0.010447313402266067,0.5925353284821155,0.5625613295308237,0.9654742094082275,0.6812920690579608,95.75938384550969,True,False,6,0.109110267017968,V258;V257;card1;TransactionAmt;V246;V201
dense_angle,3,0.5,linear,300,0.006256511487322063,0.8239897946417152,0.8096815640509585,0.9866005886708389,0.6812920690579608,16.147348026626435,False,False,6,0.11173685401445255,V258;V257;card1;TransactionAmt;V246;V201
dense_angle,3,0.25,linear,300,0.004293224213345684,0.9461912437547947,0.9435757511789543,0.9720756788787507,0.6812920690579608,3.215797741924564,False,False,6,0.1014807490282692,V258;V257;card1;TransactionAmt;V246;V201
dense_angle,3,0.125,linear,300,0.003629334255592128,0.9856030320873369,0.9853175102392079,0.9638193598933541,0.6812920690579608,1.4402184062465686,False,False,6,0.11243882798589766,V258;V257;card1;TransactionAmt;V246;V201
dense_angle,3,0.0625,linear,300,0.0034223545699509812,0.9963397005268212,0.9963112870013904,0.9605759307682132,1.467799267622069,1.617845930825276,False,False,6,0.10822476696921512,V258;V257;card1;TransactionAmt;V246;V201
dense_angle,3,0.03125,linear,300,0.0033595779152195376,0.999082941943606,0.9990788605211179,0.9595099850041442,4.6415888336127775,1.6752713144707887,False,False,6,0.0998296050238423,V258;V257;card1;TransactionAmt;V246;V201
dense_angle,3,1.0,none,300,0.010844787138850795,0.49908329662011836,0.49091349139418167,0.8336688348526335,1.467799267622069,180.42102440466743,True,False,6,0.08580866595730186,V258;V257;card1;TransactionAmt;V246;V201
dense_angle,3,0.5,none,300,0.007627237803611224,0.7150054523156798,0.6921268428077073,0.9809795619304426,1.0,31.243847785031893,False,False,6,0.08474623301299289,V258;V257;card1;TransactionAmt;V246;V201
dense_angle,3,0.25,none,300,0.004873692817986545,0.904282449628278,0.8999626226942956,0.9684125697822206,1.467799267622069,4.273884151657526,False,False,6,0.08481818297877908,V258;V257;card1;TransactionAmt;V246;V201
dense_angle,3,0.125,none,300,0.0038176426143970823,0.9738102237979805,0.9733156268184198,0.951744836073013,3.1622776601683795,1.3584961930836061,False,False,6,0.12521760701201856,V258;V257;card1;TransactionAmt;V246;V201
dense_angle,3,0.0625,none,300,0.003481905324822232,0.993270013539645,0.9932177734342682,0.9463484049736497,10.0,1.5762500469370797,False,False,6,0.09611917502479628,V258;V257;card1;TransactionAmt;V246;V201
dense_angle,3,0.03125,none,300,0.0033778911705859044,0.9983049679333017,0.9982973622618013,0.9362040690652419,10.0,1.6632020688185813,False,False,6,0.09485323401167989,V258;V257;card1;TransactionAmt;V246;V201
zz,8,1.0,linear,300,0.13191331866281644,0.14219056020143736,0.09943065337016067,0.7015765420688415,10.0,327.65013023037267,True,False,8,0.3135928180417977,V258;V257;card1;TransactionAmt;V246;V201;V244;V243
zz,8,0.5,linear,300,0.06309470307301662,0.17512831804206525,0.15394187557009956,0.8178721501512575,10.0,317.75943095468307,True,False,8,0.3774219530168921,V258;V257;card1;TransactionAmt;V246;V201;V244;V243
zz,8,0.25,linear,300,0.027884119332857567,0.3282035186942542,0.2817733782002671,0.8549304144262218,10.0,307.2992145133464,True,False,8,0.3679481440340169,V258;V257;card1;TransactionAmt;V246;V201;V244;V243
zz,8,0.125,linear,300,0.012054995210272826,0.5924897284691133,0.554892514106931,0.9167681052921969,10.0,130.35278860482887,True,False,8,0.33383995800977573,V258;V257;card1;TransactionAmt;V246;V201;V244;V243
zz,8,0.0625,linear,300,0.0064462951450275216,0.822647394812317,0.8079344912946508,0.9129977151611308,10.0,28.87938482837696,False,False,8,0.33297899196622893,V258;V257;card1;TransactionAmt;V246;V201;V244;V243
zz,8,0.03125,linear,300,0.004463526116187009,0.9381740401206882,0.9336576038217459,0.9616813045286354,10.0,4.71487420190913,False,False,8,0.33907287003239617,V258;V257;card1;TransactionAmt;V246;V201;V244;V243
zz,8,1.0,none,300,0.013776368908133708,0.5865463618038295,0.5474786566649378,0.6330580354663063,3.1622776601683795,251.7604425547328,True,False,8,0.16927396098617464,V258;V257;card1;TransactionAmt;V246;V201;V244;V243
zz,8,0.5,none,300,0.010377282830785081,0.6259572205951416,0.5939095831907985,0.9874738834480713,1.467799267622069,118.89182226335168,True,False,8,0.16883931396296248,V258;V257;card1;TransactionAmt;V246;V201;V244;V243
zz,8,0.25,none,300,0.005749644251646618,0.8666175980215546,0.8558447710095534,0.9896271950690758,1.467799267622069,20.46379477473028,False,False,8,0.17064309603301808,V258;V257;card1;TransactionAmt;V246;V201;V244;V243
zz,8,0.125,none,300,0.004048322714922213,0.9643899501983083,0.9623165112436269,0.9991730500099748,1.0,2.562642150068666,False,False,8,0.17396888101939112,V258;V257;card1;TransactionAmt;V246;V201;V244;V243
zz,8,0.0625,none,300,0.003551026523103966,0.99060524868072,0.9903855634099281,0.9999590012578214,1.0,1.3977324354697402,False,False,8,0.17427265999140218,V258;V257;card1;TransactionAmt;V246;V201;V244;V243
zz,8,0.03125,none,300,0.0033984243696903805,0.9976019387881646,0.9975806781491978,0.9999975975201617,1.0,1.5795991883852853,False,False,8,0.1721336369519122,V258;V257;card1;TransactionAmt;V246;V201;V244;V243
z,8,1.0,none,300,0.013776368908133708,0.5865463618038295,0.5474786566649378,0.6330580354663063,3.1622776601683795,251.7604425547328,True,False,8,0.18056410003919154,V258;V257;card1;TransactionAmt;V246;V201;V244;V243
z,8,0.5,none,300,0.010377282830785081,0.6259572205951416,0.5939095831907985,0.9874738834480713,1.467799267622069,118.89182226335168,True,False,8,0.19613295700401068,V258;V257;card1;TransactionAmt;V246;V201;V244;V243
z,8,0.25,none,300,0.005749644251646618,0.8666175980215546,0.8558447710095534,0.9896271950690758,1.467799267622069,20.46379477473028,False,False,8,0.16890367900487036,V258;V257;card1;TransactionAmt;V246;V201;V244;V243
z,8,0.125,none,300,0.004048322714922213,0.9643899501983083,0.9623165112436269,0.9991730500099748,1.0,2.562642150068666,False,False,8,0.18418533098883927,V258;V257;card1;TransactionAmt;V246;V201;V244;V243
z,8,0.0625,none,300,0.003551026523103966,0.99060524868072,0.9903855634099281,0.9999590012578214,1.0,1.3977324354697402,False,False,8,0.17639293801039457,V258;V257;card1;TransactionAmt;V246;V201;V244;V243
z,8,0.03125,none,300,0.0033984243696903805,0.9976019387881646,0.9975806781491978,0.9999975975201617,1.0,1.5795991883852853,False,False,8,0.1721843540435657,V258;V257;card1;TransactionAmt;V246;V201;V244;V243
dense_angle,4,1.0,linear,300,0.010668867212681033,0.5901091207298278,0.5583093173651559,0.9765736743532543,0.46415888336127775,119.43212356769611,True,False,8,0.15447137301089242,V258;V257;card1;TransactionAmt;V246;V201;V244;V243
dense_angle,4,0.5,linear,300,0.006295441353984893,0.8233687003283845,0.8083930397925769,0.985598067271008,0.6812920690579608,20.77212496001189,False,False,8,0.12273325800197199,V258;V257;card1;TransactionAmt;V246;V201;V244;V243
dense_angle,4,0.25,linear,300,0.004319485106251972,0.9453624405020576,0.9422279716166442,0.9784092465876937,0.6812920690579608,3.97228092448157,False,False,8,0.1292520480346866,V258;V257;card1;TransactionAmt;V246;V201;V244;V243
dense_angle,4,0.125,linear,300,0.0036443873110103293,0.9849606260933248,0.9845527059705053,0.9761259918372758,0.6812920690579608,1.4278243300707134,False,False,8,0.125197098008357,V258;V257;card1;TransactionAmt;V246;V201;V244;V243
dense_angle,4,0.0625,linear,300,0.0034279156779073493,0.996118789187057,0.9960795740582181,0.9748854558921676,1.467799267622069,1.5816694054915517,False,False,8,0.12317455100128427,V258;V257;card1;TransactionAmt;V246;V201;V244;V243
dense_angle,4,0.03125,linear,300,0.0033613103480746673,0.9990231892587966,0.9990182408126764,0.974235847584218,4.6415888336127775,1.6416601762942826,False,False,8,0.1285499109653756,V258;V257;card1;TransactionAmt;V246;V201;V244;V243
dense_angle,4,1.0,none,300,0.010845937651051223,0.49908063410405124,0.49083859566683374,0.8317988957752414,1.467799267622069,224.13302883023786,True,False,8,0.11460641998564824,V258;V257;card1;TransactionAmt;V246;V201;V244;V243
dense_angle,4,0.5,none,300,0.0076632345307340735,0.7144660040246723,0.6899657324512334,0.9730748742767407,1.0,40.30721794388014,False,False,8,0.10148120095254853,V258;V257;card1;TransactionAmt;V246;V201;V244;V243
dense_angle,4,0.25,none,300,0.0049213770375328885,0.9027000076276109,0.8969789632349445,0.9600448426368147,1.467799267622069,5.601304856480839,False,False,8,0.10129063198110089,V258;V257;card1;TransactionAmt;V246;V201;V244;V243
dense_angle,4,0.125,none,300,0.00384617906805406,0.9725765418140726,0.9717756181810407,0.9562407541726443,1.467799267622069,1.3517978960972714,False,False,8,0.10468185704667121,V258;V257;card1;TransactionAmt;V246;V201;V244;V243
dense_angle,4,0.0625,none,300,0.0034927891112510085,0.992824507707698,0.9927434827266884,0.9578549308622786,4.6415888336127775,1.5236921022613281,False,False,8,0.10672114201588556,V258;V257;card1;TransactionAmt;V246;V201;V244;V243
dense_angle,4,0.03125,none,300,0.0033813291990026804,0.998182126604944,0.998172233611487,0.9571523227027366,10.0,1.6247435825445837,False,False,8,0.103004539036192,V258;V257;card1;TransactionAmt;V246;V201;V244;V243
